verb,transcriptionEn,category,meaning,translation,transcriptionRu
abduct,/æbˈdʌkt/,I,отодвигать мышцу или конечность от настоящего положения,"оттягивать, отводить","/otʲˈtʲæɡʲɪvətʲ/, /otvɐdʲˈitʲ/"
advance,/ədˈvɑːns/,C,идти или двигать что-то вперед,"продвигать, продвигаться, ускорять, ускоряться, наступать, идти, двигать, двигаться, надвигаться, надвигать, передвигать, выступать, двинуться ","/prədʲvʲɪˈɡatʲ/, /prədʲvʲɪˈɡat͡sə/, /ʊskɐˈrʲatʲ/, /ʊskɐˈrʲat͡sə/, /nəstʊˈpatʲ/, /ɪdʲˈtʲi/, /ˈdvʲɪɡətʲ/, /ˈdvʲɪɡət͡sə/, /nədʲvʲɪˈɡat͡sə/, /nədʲvʲɪˈɡatʲ/, /pʲɪrʲɪdʲvʲɪˈɡatʲ/, /vɨsʊˈpatʲ/, /ˈdvʲinʊt͡sə/"
agitate,/ˈædʒ.ɪ.teɪt/,-,встряхивать (жидкость),"трясти, взбалтывать, перемешивать, сотрясать, мешать, баламутить, мутить, будоражить, колебать, встряхивать","/trʲɪˈsʲtʲi/, /vzˈbaltɨvətʲ/, /pʲɪrʲɪˈmʲeʂɨvətʲ/, /sətrʲɪˈsatʲ/, /mʲɪˈʂatʲ/, /bəlɐˈmutʲɪtʲ/, /mʊˈtʲitʲ/, /bʊdɐˈraʐɨtʲ/, /kəlʲɪˈbatʲ/, /vstrʲæˈxʲɪvətʲ/"
amble,/ˈæm.bl̩/,IC,"идти спокойно, размеренно","иноходить, семенить, (идти) лёгким (шагом), (идти) мелкими (шагами), мельтешить","/ɪnəxɐˈdʲitʲ/, /sʲɪmʲɪˈnʲitʲ/, /lʲɵxʲɪm/, /mʲɪlʲkʲɪm/, /mʲɪlʲtʲɪˈʂɨtʲ/"
amputate,/ˈæm.pjʊ.teɪt/,-,отрезать часть тела,"отнимать, ампутировать, удалять, обрезать","/ɐtʲnʲɪˈmatʲ/, /ɐmpʊˈtʲirəvətʲ/, /ʊdʲɪˈlatʲ/, /ɐbrʲɪˈzatʲ/"
appear,/əˈpɪər/,F,"появляться, т.е. приходить","показываться, появляться, проявляться, явствовать, выступать, выходить, издаваться, нарисоваться, возникать, являться, объявляться, выплывать, выходить, проявляться, оказываться, проступать, подвернуться, представать","/pɐˈkazɨvət͡sə/, /pɐjɪˈvlʲæt͡sə/, /prɐjɪˈvlʲæt͡sə/, /ˈjavstvəvətʲ/, /vɨsʊˈpatʲ/, /vɨxɐˈdʲitʲ/, /ɪzdɐˈvatʲsə/, /nərʲɪsɐˈvatʲsə/, /vɐznʲɪˈkatʲ/, /jɪˈvlʲæt͡sə/, /ɐbʲɪˈvlʲæt͡sə/, /vɨpɫɨˈvatʲ/, /vɨxɐˈdʲitʲ/, /prɐjɪˈvlʲæt͡sə/, /ɐkɐˈzɨvət͡sə/, /prɐsʊˈpatʲ/, /pɐdvʲɪrˈnut͡sə/, /prʲɪstɐˈvatʲ/"
approach,/əˈprəʊtʃ/,FIC,подходить к кому-либо или чему-либо,"приближаться, подходить, обращаться, наступать, приступать, подтягиваться, наплывать, притягиваться, надвигаться, сближаться, накатываться, подступать","/prʲɪblʲɪˈʐat͡sə/, /pətxɐˈdʲitʲ/, /ɐbrɐˈɕːat͡sə/, /nəstʊˈpatʲ/, /prʲɪsʊˈpatʲ/, /pətʲˈtʲæɡʲɪvət͡sə/, /nəplɨˈvatʲ/, /prʲɪˈtʲæɡʲɪvət͡sə/, /nədʲvʲɪˈɡat͡sə/, /sbʲlʲɪˈʐat͡sə/, /nɐˈkatɨvət͡sə/, /pətstʊˈpatʲ/"
arrive,/əˈraɪv/,F,достигать какого-либо места,"прибывать, достигать, докатываться, приходить, приезжать, доходить, прилетать, приплывать, перекочёвывать, являться, достигать, приваливать, пришагивать","/prʲɪbʲɪˈvatʲ/, /dɐstʲɪˈɡatʲ/, /dɐˈkatɨvət͡sə/, /prʲɪxɐˈdʲitʲ/, /prʲɪjɪˈʐatʲ/, /dʲɪxɐˈdʲitʲ/, /prʲɪlʲɪˈtatʲ/, /prʲɪˈpɫɨvatʲ/, /prʲɪkɐˈt͡ɕevɨvətʲ/, /jɪˈvlʲæt͡sə/, /dɐstʲɪˈɡatʲ/, /prʲɪˈvalʲɪvətʲ/, /prʲɪˈʂaɡʲɪvətʲ/"
ascend,/əˈsend/,IC,"двигаться вверх, подниматься","подниматься, всходить, продвигаться, восходить, набирать (высоту), взбираться, взметаться, доходить, возноситься, подниматься","/pədnʲɪˈmat͡sə/, /fsxɐˈdʲitʲ/, /prədʲvʲɪˈɡat͡sə/, /vəsxɐˈdʲitʲ/, /nəbʲɪˈratʲ/, /vzbʲɪˈratʲsə/, /vzʲmʲɪˈtatʲsə/, /dʲɪxɐˈdʲitʲ/, /vɐzˈnosʲitʲsə/, /pədɨˈmat͡sə/"
attach,/əˈtætʃ/,I,закреплять или соединять что-либо,"прикреплять, прикладывать, привязывать, присоединять, прикреплять, скреплять, связывать, приобщать, присовокуплять, крепить, приделывать, приснащать, состыковывать, прилеплять, сцеплять, присобачить, присупонивать, присаживать, присучивать","/prʲɪkrʲɪˈpʲlʲatʲ/, /prʲɪˈkladɨvətʲ/, /prʲɪˈvʲæzɨvətʲ/, /prʲɪsɐɪdʲɪˈnʲætʲ/, /prʲɪkrʲɪˈpʲlʲatʲ/, /skrʲɪˈpʲlʲatʲ/, /svʲɪˈzɨvətʲ/, /prʲɪɐpˈɕːatʲ/, /prʲɪsɐvʊˈkupʲlʲɪvətʲ/, /krʲɪˈpʲitʲ/, /prʲɪˈdʲelʲɪvətʲ/, /prʲɪsˈnaɕːatʲ/, /səstɨˈkovɨvətʲ/, /prʲɪlʲɪˈpʲlʲatʲ/, /sʲt͡sʲɪˈpʲlʲatʲ/, /prʲɪsɐˈbat͡ɕɪvətʲ/, /prʲɪsʊˈponʲɪvətʲ/, /prʲɪˈsaʐɨvətʲ/, /prʲɪˈsut͡ɕɪvətʲ/"
bang,/bæŋ/,IC,ударять частью тела о что-либо,"ударять, стучать, хлопать, грохать, бахать, бить, колотить, захлопывать, бухать, брякать, тузить, дубасить, тюкать, хлестнуть, барабанить, бабахнуть, ухать","/ʊdɐˈrʲætʲ/, /stʊˈt͡ɕatʲ/, /ˈxɫopatʲ/, /ˈɡroxatʲ/, /ˈbaxatʲ/, /bʲitʲ/, /kɐɫɐˈtʲitʲ/, /zɐˈxɫopɨvətʲ/, /ˈbuxatʲ/, /ˈbrʲakətʲ/, /ˈtuzʲɪtʲ/, /dʊˈbasʲitʲ/, /ˈtʲukətʲ/, /ˈxlʲasnʊtʲ/, /bɐˈrɐbanʲɪtʲ/, /bɐˈbaxnʊtʲ/, /ˈuxatʲ/"
bank,/bæŋk/,IC,"лететь одним крылом выше, чем другим, при повороте (самолета)","накреняться, (делать) вираж, крениться, уклоняться","/nəkrʲɪnʲatʲsʲə/, /vʲɪraʐ/, /krʲɪnʲitʲsʲə/, /ʊklɐnʲatʲsʲə/"
barge,/bɑːdʒ/,F,быстро проходить какое-либо место,"вваливаться, протискиваться, проталкиваться, переть, вламываться, приходить, уходить, двигаться, идти","/vˈvalʲɪvətʲsə/, /prɐˈtʲiskʲɪvətʲsə/, /prɐˈtɐlkʲɪvətʲsə/, /pʲɪˈrʲotʲ/, /vˈɫamɨvətʲsə/, /prʲɪxɐˈdʲitʲ/, /ʊxɐˈdʲitʲ/, /ˈdvʲɪɡətʲsə/, /ɪdʲˈtʲi/"
barrel,/ˈbær.əl/,F,быстро идти,"быстро (двигаться), нестись, лететь","/ˈbʲɪstrə/, /nʲɪsʲˈtʲisʲ/, /lʲɪˈtʲetʲ/"
bash,/bæʃ/,C,сильно ударять,"бить, (сильно) ударять, сильно (ударять), шандарахнуть, лупить, колотить, дубасить, вламывать","/bʲitʲ/, /ʊdarʲatʲ/, /sʲilʲnə/, /ʃəndaraxnutʲ/, /lʊpʲitʲ/, /kələtʲitʲ/, /dʊbasʲitʲ/, /vlamɨvatʲ/"
bat,/bæt/,I,ударять ладонью,"бить, дубасить, избивать, хлестать, ударять","/bʲitʲ/, /dʊbasʲitʲ/, /izbʲivatʲ/, /xlʲɪstatʲ/, /ʊdarʲatʲ/"
bathe,/beɪð/,C,плавать,"купаться, окунаться, плавать, погружаться","/kʊpatʲsʲə/, /ʊkʊnatʲsʲə/, /plavatʲ/, /pʊgrʊʐatʲsʲə/"
batter,/ˈbæt.ər/,I,"бить, проявлять агрессивное поведение","(сильно) бить, колотить, дубасить, долбить, громить, месить, колошматить, крушить, утюжить, рукоприкладствовать, мочалить","/bʲitʲ/, /kələtʲitʲ/, /dʊbasʲitʲ/, /dolbʲitʲ/, /grʊmʲitʲ/, /mʲɪsʲitʲ/, /kəlɐʂmatʲitʲ/, /krʊʂitʲ/, /ʊtʲuʐitʲ/, /rʊkəprʲɪkladstvəvatʲ/, /mʊtɕalʲitʲ/"
battle,/ˈbæt.l̩/,I,сражаться,"сражаться, бороться, драться, биться, схватываться","/srəʐatʲsʲə/, /bɐrotʲsʲə/, /dratʲsʲə/, /bʲitʲsʲə/, /sxvatʲɨvatʲsʲə/"
bear,/beər/,F,"носить, передвигать что-либо","носить, нести, переносить, перевозить, двигать, передвигать, разносить, распространять, брать","/nɐsʲitʲ/, /nʲɪsʲtʲi/, /pʲɪrʲɪnɐsʲitʲ/, /pʲɪrʲɪvɐzʲitʲ/, /dvʲɪgatʲ/, /pʲʊrʲɪdvʲɪgatʲ/, /rɐznɐsʲitʲ/, /rɐsprɐstrɐnʲatʲ/, /bratʲ/"
beat,/biːt/,I,продолжительно наносить удары,"бить, ударять, колотить, выколачивать, хлестать, избивать, стучать, выбивать, шандарахнуть, мутузить, сечь, лупить, колошматить, наваливать, тузить","/bʲitʲ/, /ʊdarʲatʲ/, /kələtʲitʲ/, /vɨkɐlatɕɨvatʲ/, /xlʲɪstatʲ/, /izbʲivatʲ/, /stʊtɕatʲ/, /vɨbʲivatʲ/, /ʃəndaraxnutʲ/, /mʊtʊzʲitʲ/, /sʲetɕʲ/, /lʊpʲitʲ/, /kəlɐʂmatʲitʲ/, /navalʲivatʲ/, /tʊzʲitʲ/"
beckon,/ˈbek.ən/,I,делать движения головой или рукой в просьбе приблизиться,"манить, кивать, (делать) знак, мотать, зазывать, прикликать, подзывать, кликать","/mɐnʲitʲ/, /kʲivatʲ/, /znak/, /mɐtatʲ/, /zɐzɨvatʲ/, /prʲɪklʲikatʲ/, /pɐdzɨvatʲ/, /klʲikatʲ/"
belabor,/bɪˈleɪ.bər/,С,наносить удары сильно и продолжительно,"колошматить, бить, избивать, колотить, дубасить, лупить, чихвостить, рассусоливать, молотить, (надавать) тумаков","/kəlɐʂmatʲitʲ/, /bʲitʲ/, /izbʲivatʲ/, /kələtʲitʲ/, /dʊbasʲitʲ/, /lʊpʲitʲ/, /tɕɪxvostʲitʲ/, /rɐssʊsolʲivatʲ/, /mɐlatʲitʲ/, /tʊmakof/"
belt,/belt/,I,передвигаться с высокой скоростью,"гнать, шпарить, мчаться, (бежать) сломя (голову)","/ɡnatʲ/, /ʂparʲitʲ/, /mʲt͡ɕatʲsə/, /slɐˈmʲa/"
bend,/bend/,IC,сгибать что-либо,"сгибать, гнуть, изгибать, наклонять, склонять, скручивать, корёжить, выгибать, перегибать, искривлять, пригибать, скривлять, кривить, заворачивать, прогибать, скрючивать","/zɡʲɪˈbatʲ/, /ɡnutʲ/, /ɪzɡʲɪˈbatʲ/, /nɐklɐˈnʲatʲ/, /sklɐˈnʲatʲ/, /ˈskrut͡ɕɪvətʲ/, /kɐˈrʲɵʐɨtʲ/, /vɨɡʲɪˈbatʲ/, /pʲɪrʲɪɡʲɪˈbatʲ/, /ɪskrʲɪˈvlʲatʲ/, /prʲɪɡʲɪˈbatʲ/, /skrʲɪˈvlʲatʲ/, /krʲɪˈvʲitʲ/, /zəvɐˈrat͡ɕɪvətʲ/, /prɐˈɡʲɪbatʲ/, /ˈskrʲut͡ɕɪvətʲ/"
biff,/bɪf/,I,"наносить удар, особенно кулаком","ударять, стукать, врезать, вмазывать","/ʊdɐˈrʲatʲ/, /ˈstukətʲ/, /ˈvrʲezətʲ/, /ˈvmazɨvətʲ/"
bind,/baɪnd/,IC,"крепко связывать, соединять что-либо","связывать, привязывать, скреплять, скручивать, сковывать, соединять, закреплять, затягивать, прикручивать, присупонивать, заковывать, повязывать","/ˈsvʲæzɨvətʲ/, /prʲɪˈvʲazɨvətʲ/, /skrʲɪˈplʲatʲ/, /ˈskrut͡ɕɪvətʲ/, /ˈskovɨvətʲ/, /səʲɪdʲɪˈnʲatʲ/, /zʲɪkrʲɪˈplʲatʲ/, /zɐˈtʲæɡʲɪvətʲ/, /prʲɪˈkrut͡ɕɪvətʲ/, /prʲɪsʊˈponʲɪvətʲ/, /zɐˈkovɨvətʲ/, /pɐˈvʲæzɨvətʲ/"
blast,/blɑːst/,IC,"уничтожать что-либо взрывом, ломать схожей силой","взрывать, разрушать, разносить, подрывать, повреждать, уничтожать, пробивать, громить","/vzrɨˈvatʲ/, /rɐzruˈʐatʲ/, /rɐzˈnosʲɪtʲ/, /pɐdrʲɪˈvatʲ/, /pɐvrʲɪˈʐdatʲ/, /ʊnʲɪt͡ɕʲɪˈʐatʲ/, /prɐbʲɪˈvatʲ/, /ɡrɐˈmʲitʲ/"
blench,/blentʃ/,IC,"резко отходить, реагировать","уклоняться, отступать, колебаться, теряться, бледнеть, (прийти в) замешательство, избегать, растеряться","/ʊklɐˈnʲatʲsə/, /ɐt͡stʊˈpatʲ/, /kɐlʲɪˈbatʲsə/, /tʲɪrʲˈatʲsə/, /blʲɪdʲˈnʲetʲ/, /zɐmʲɪˈʂatʲɪlʲstvə/, /ɪzʲɪˈbʲɪɡatʲ/, /rɐstʲɪˈrʲatʲsə/"
blink,/blɪŋk/,IC,быстро закрывать и открывать глаза один или несколько раз,"моргать, щуриться, мигать, хлопать (глазами)","/mɐrˈɡatʲ/, /ˈɕːurʲɪt͡sə/, /mʲɪˈɡatʲ/, /ˈxlopatʲ/"
bludgeon,/ˈblʌdʒ.ən/,I,продолжительно наносить удары тяжелым предметом,"бить (дубинкой), дубасить, ударять (дубинкой), лупить, громить","/bʲitʲ/, /dʊˈbasʲɪtʲ/, /ʊdɐˈrʲatʲ/, /lʊˈpʲitʲ/, /ɡrɐˈmʲitʲ/"
blunder,/ˈblʌn.dər/,IC,осуществлять неловкое движение,"(двигаться) ощупью, спотыкаться, наталкиваться, натыкаться, (двигаться) неуверенно","/ˈoɕːʊpʲʊ/, /spɐtɨˈkatʲsə/, /nɐˈtɐlkʲɪvətʲsə/, /nɐˈtɨkatʲsə/, /nʲɪʊˈvʲerʲɪnə/"
bob,/bɒb/,I,"последовательные движения вверх и вниз, особенно на водной поверхности","качаться, подскакивать, подпрыгивать, дрожать, мотаться","/kɐˈt͡ɕatʲsə/, /pɐt͡sˈkatʲɪvətʲ/, /pɐtˈprɨɡʲɪvətʲ/, /drɐˈʐatʲ/, /mɐˈtasʲɪtʲsə/"
bolt,/bəʊlt/,I,"быстро двигаться, особенно в состоянии испуга","выстреливать, бросаться, помчаться, спасаться, сбегать, убегать, драпать, (давать) дёру, удирать, уныривать, улепётывать","/vɨstrʲɪˈlʲivətʲ/, /brɐˈsatʲsə/, /pɐmʲˈt͡ɕatʲsə/, /spɐˈsatʲsə/, /zbʲɪˈɡatʲ/, /ʊbʲɪˈɡatʲ/, /ˈdrapətʲ/, /ˈdʲɵrə/, /ʊdʲɪˈratʲ/, /ʊˈnɨrʲɪvətʲ/, /ʊlʲɪˈpʲɵtɨvətʲ/"
bomb,/bɒm/,С,быстро передвигаться в транспорте,"быстро (двигаться), нестись, мчаться, (двигаться) вихрем, лететь","/ˈbɨstrə/, /nʲɪsʲˈtʲisʲ/, /mʲt͡ɕatʲsə/, /ˈvʲixrʲɪm/, /ˈlʲetʲitʲ/"
bonk,/bɒŋk/,IC,наносить легкий удар,"шлёпать, стукать, тюкать, хлопнуть","/ˈʂlʲɵpatʲ/, /ˈstukatʲ/, /ˈtʲukatʲ/, /ˈxlopnutʲ/"
boot,/buːt/,С,наносить сильный удар ногой,"пнуть, (ударить) ботинком, наподдать, лягать, (дать) пенделя","/pnutʲ/, /ˈbotʲɪnkam/, /nɐpˈdatʲ/, /lʲɪˈɡatʲ/, /ˈpʲenʲdʲɪlʲə/"
bounce,/baʊns/,I,отскакивать после столкновения с чем-либо,"подпрыгивать, отскакивать, ударяться","/pɐtˈprɨɡʲɪvətʲ/, /ɐtˈskakʲɪvətʲ/, /ʊdɐˈrʲatʲsə/"
bound,/baʊnd/,IC,быстро передвигаться длинными прыжками,"прыгать, скакать, нестись, подпрыгивать, бежать","/ˈprɨɡətʲ/, /skɐˈkatʲ/, /nʲɪsʲˈtʲisʲ/, /pɐtˈprɨɡʲɪvətʲ/, /bʲɪˈʐatʲ/"
brandish,/ˈbræn.dɪʃ/,FIC,махать чем-либо в воздухе в угрожающей манере,"махать, размахивать, потрясать, замахиваться, угрожать","/mɐˈxatʲ/, /rɐzˈmaxʲɪvətʲ/, /pɐtrʲɪˈsatʲ/, /zɐˈmaxʲɪvətʲsə/, /ʊɡrɐˈʐatʲ/"
brawl,/brɔːl/,F,шумно драться в беспорядочной и бесконтрольной форме,"ссориться, драться, буянить, ругаться, скандалить, бузить","/ˈsorʲɪtʲsə/, /ˈdratʲsə/, /bʊˈjanʲɪtʲ/, /rʊˈɡatʲsə/, /skɐnˈdalʲɪtʲ/, /bʊˈzʲitʲ/"
break,/breɪk/,F,ломать что-либо на два или более кусочков,"ломать, разбивать, разрушать, рвать, раскалывать, колоть, крушить, бить, рушить, коверкать, раздалбывать, расколачивать","/lɐˈmatʲ/, /rɐzˈbʲivatʲ/, /rɐzˈruʂatʲ/, /rvatʲ/, /rɐsˈkalɨvətʲ/, /kɐˈlotʲ/, /krʊˈʂitʲ/, /bʲitʲ/, /ˈruʂɨtʲ/, /kɐˈvʲerkatʲ/, /rɐzˈdalbəvətʲ/, /rɐskɐˈlat͡ɕɪvətʲ/"
breeze,/briːz/,F,"быстро, уверенно двигаться куда-либо","мчаться, бежать, проскакивать, проходить","/mʲt͡ɕatʲsə/, /bʲɪˈʐatʲ/, /prɐˈskakʲɪvətʲ/, /prɐˈxodʲɪtʲ/"
bring,/brɪŋ/,FIC,нести или приносить куда-либо предмет или лицо,"приносить, доставлять, приводить, привозить, притаскивать, влечь, вести, везти, брать (с собой), приволакивать","/prʲɪnɐˈsʲitʲ/, /dɐstɐˈvlʲatʲ/, /prʲɪvɐˈdʲitʲ/, /prʲɪvɐˈzʲitʲ/, /prʲɪˈtaskʲɪvətʲ/, /vlʲet͡ɕʲ/, /vʲɪsʲˈtʲi/, /vʲɪˈzʲtʲi/, /bratʲ/, /prʲɪvɐˈlakʲɪvətʲ/"
buck,/bʌk/,I,"прыжок коня, сопровождающийся движением задних копыт в воздухе","(становиться на) дыбы, брыкаться, взбрыкиваться, противиться","/ˈdɨbɨ/, /brɨˈkatʲsə/, /vzbrɨˈkʲɪvətʲsə/, /prʲɪˈtʲivʲɪtʲsə/"
buff,/bʌf/,IC,"выстреливать, бросаться, мчаться, спасаться, сбегать, убегать, драпать, (давать) дёру, удирать, уныривать, улепётывать","полировать, лощить, шлифовать, глянцевать, драить","/pɐlʲɪrɐˈvatʲ/, /ɫoɕˈɕitʲ/, /ʂlʲɪfɐˈvatʲ/, /ɡlʲɪɐnʲt͡sɨˈvatʲ/, /ˈdraitʲ/"
buffet,/ˈbʌf.ɪt/,IC,"наносить тяжелые, последовательные удары","ударять, швырять, бросать, хлестать, бить, шандарахать","/ʊdɐˈrʲatʲ/, /ʂvɨˈrʲatʲ/, /brɐˈsatʲ/, /xlʲɪsˈtatʲ/, /bʲitʲ/, /ʂɐnˈdarəxətʲ/"
bumble,/ˈbʌmbl̩/,TNC,беспорядочно двигаться или говорить,"запинаться, заикаться, путаться, конфузиться, смутиться","/zɐpʲɪˈnatʲsə/, /zɐɪˈkatʲsə/, /ˈputətʲsə/, /kɐnˈfuzʲɪtʲsə/, /smʊˈtʲitʲsə/"
bump,/bʌmp/,IC,ударяться обо что-либо с силой,"ударять, ударяться, толкать, натолкнуться, налетать, стукать, стукаться, ушибить, ушибаться, врезать, врезаться","/ʊdɐˈrʲatʲ/, /ʊdɐˈrʲatʲsə/, /tɐlˈkatʲ/, /nɐtɐlˈknutʲsə/, /nɐlʲɪˈtatʲ/, /ˈstukatʲ/, /ˈstukatʲsə/, /ʊˈʂɨbʲitʲ/, /ʊˈʂɨbatʲsə/, /vrʲɪˈzatʲ/, /vrʲɪˈzatʲsə/"
bundle,/ˈbʌn.dl̩/,IC,толкать или класть лицо или предмет быстро и грубо,"связывать (в узел), собирать, укладывать, пихать, совать, толкать, закутывать, обвертывать, упаковывать","/sʲˈvʲazɨvətʲ/, /sɐbʲɪˈratʲ/, /ʊkˈɫadɨvətʲ/, /pʲɪˈxatʲ/, /sɐˈvatʲ/, /tɐlˈkatʲ/, /zɐˈkutɨvətʲ/, /ɐbˈvʲortɨvətʲ/, /ʊpɐˈkovɨvətʲ/"
bung,/bʌŋ/,IC,неаккуратно убирать,"затыкать, швырять, закупоривать, закрывать, бросить","/zɐtɨˈkatʲ/, /ʂvɨˈrʲatʲ/, /zɐˈkupərʲɪvətʲ/, /zɐˈkrɨvatʲ/, /ˈbrosʲɪtʲ/"
burrow,/ˈbʌr.əʊ/,F,выкапывать нору в земле,"рыть, (делать) нору, копаться","/rɨtʲ/, /ˈnorʊ/, /kɐˈpatʲsə/"
butt,/bʌt/,I,наносить сильный удар головой или рогами,"ударять (головой), натыкаться, бодать, пырять, таранить","/ʊdɐˈrʲatʲ/, /nɐtɨˈkatʲsə/, /bɐˈdatʲ/, /pɨˈrʲatʲ/, /tɐˈranʲɪtʲ/"
canter,/ˈkæn.tər/,IC,легкий галоп лошади,"(ехать лёгким) галопом, (ехать) кентером, галопировать, скакать","/ɡɐˈlopəm/, /ˈkʲentərəm/, /ɡɐlɐˈpʲirəvətʲ/, /skɐˈkatʲ/"
caper,/ˈkeɪ.pər/,I,"бежать и прыгать в счастливой, энергичной манере","прыгать, дурачиться, скакать, пританцовывать","/ˈprɨɡətʲ/, /dʊˈrat͡ɕɪtʲsə/, /skɐˈkatʲ/, /prʲɪtɐnˈt͡sovɨvətʲ/"
careen,/kəˈriːn/,F,"быстро идти вперёд, двигаясь из стороны в сторону","килевать, крениться, отклоняться, качаться, колебаться, пошатываться, гнуться (в сторону)","/kʲɪlʲɪˈvatʲ/, /krʲɪˈnʲitʲsə/, /ɐtklɐˈnʲatʲsə/, /kɐˈt͡ɕatʲsə/, /kɐlʲɪˈbatʲsə/, /pɐˈʂatɨvətʲsə/, /ˈɡnutʲsə/"
career,/kəˈrɪər/,F,"двигаться быстро, часто бесконтрольно (особенно в автомобиле)","быстро (двигаться), нестись, мчаться, гнать, (двигаться во весь) опор, бежать ","/bɨstrə/, /nʲɪsʲtʲisʲ/, /mʲt͡ɕatʲsʲə/, /gnatʲ/, /ɐpor/, /bʲɪʐatʲ/"
caress,/kəˈres/,F,нежно касаться или целовать кого-либо ,"ласкать, гладить, голубить, нежничать","/lɐˈskatʲ/, /ˈɡladʲɪtʲ/, /ɡʊˈɫubʲɪtʲ/, /ˈnʲeʐnʲɪtʲ/"
carry,/ˈkær.i/,F,двигать предмет или лицо куда-либо,"возить, носить, брать, держать, таскать, тащить, иметь, водить","/vɐˈzʲitʲ/, /nɐˈsʲitʲ/, /bratʲ/, /dʲɪrˈʐatʲ/, /tɐˈskatʲ/, /taˈɕːitʲ/, /ˈʲɪmʲɪtʲ/, /vɐˈdʲitʲ/"
cart,/kɑːt/,F,брать куда-либо (затрачивая большие усилия),"ехать, возить, провозить, подвозить, тащить, таскать","/ˈjexətʲ/, /vɐˈzʲitʲ/, /prɐvɐˈzʲitʲ/, /pɐdˈvozʲitʲ/, /taˈɕːitʲ/, /tɐˈskatʲ/"
carve,/kɑːv/,FI,создавать что-либо из камня или дерева,"вырезать, резать, высекать, делить, дробить, разделывать, пробивать, разделять, ваять, вырубать, вытачивать, выпиливать","/vɨrʲɪzatʲ/, /rʲezatʲ/, /vɨsʲɪkatʲ/, /dʲɪlʲitʲ/, /drɐbʲitʲ/, /rɐzdʲelʲɪvatʲ/, /prɐbʲivatʲ/, /rɐzdʲelʲatʲ/, /vɐjatʲ/, /vɨrʊbatʲ/, /vɨtatɕʲivatʲ/, /vɨpʲilʲivatʲ/"
cast,/kɑːst/,IC,кидать что-либо,"бросать, кидать, швырять, метать, ронять","/brɐsatʲ/, /kʲidatʲ/, /ʂvɨrʲatʲ/, /mʲɪtatʲ/, /rɐnʲatʲ/"
catch,/kætʃ/,###,"ловить что-либо, кого-либо","ловить, поймать, хватать, улавливать, захватывать, задерживать, застигать, выуживать, цеплять","/lɐvʲitʲ/, /pɐjmʲatʲ/, /xvatatʲ/, /ʊlavlʲivatʲ/, /zɐxvatʲɨvatʲ/, /zɐdʲerʐʲivatʲ/, /zɐstʲigatʲ/, /vɨʊʐʲivatʲ/, /t͡sʲɪplatʲ/"
cavort,/kəˈvɔːt/,C,"прыгать или хаотично двигаться (часто в шумной, игривой манере)","прыгать, скакать, кувыркаться, резвиться","/prɨgatʲ/, /skɐkatʲ/, /kʊvɨrkɐtʲsʲə/, /rʲɪzvʲitʲsʲə/"
charge,/tʃɑːdʒ/,FIC,двигаться вперед к чему-либо быстро и упорно,"бросаться, атаковать, бежать, штурмовать, наседать, набрасываться, нападать, напирать","/brɐsatʲsʲə/, /ɐtakɐvatʲ/, /bʲɪʐatʲ/, /ʂtʊrmɐvatʲ/, /nɐsʲɪdatʲ/, /nɐbrɐsʲɪvatʲsʲə/, /nɐpadatʲ/, /nɐpʲiratʲ/"
chase,/tʃeɪs/,C,"торопиться, бежать в разных направлениях","гнаться, охотиться, преследовать, гоняться, догонять, разыскивать, бежать","/gnatʲsʲə/, /ɐxotʲitʲsʲə/, /prʲɪslʲedəvatʲ/, /gɐnʲatʲsʲə/, /dɐgɐnʲatʲ/, /rɐzɨskʲɪvatʲ/, /bʲɪʐatʲ/"
chatter,/ˈtʃæt.ər/,I,многократно стучать друг о друга,"стучать, дребезжать, дрожать, вибрировать, лязгать, клацать","/stʊtɕatʲ/, /drʲɪbʲɪzʐatʲ/, /drɐʐatʲ/, /vʲibrʲʲɪrʊvatʲ/, /lʲazgatʲ/, /klat͡satʲ/"
chew,/tʃuː/,###,пережёвывать пищу,"жевать, пережёвывать, прожёвывать, грызть, есть","/ʐɨvatʲ/, /pʲɪrʲɪʐʲɵvɨvatʲ/, /prɔʐʲɵvɨvatʲ/, /grɨztʲ/, /jɛstʲ/"
chip,/tʃɪp/,I,обламывать что-либо (обыкновенно случайно),"откалывать, отламывать, обламывать, бить, разламывать, отбивать, разбивать, отсекать, колоть, отрубать, скалывать","/ɐtkalɨvatʲ/, /ɐtlamɨvatʲ/, /ɐblamɨvatʲ/, /bʲitʲ/, /rɐzlamɨvatʲ/, /ɐtbʲivatʲ/, /rɐzbʲivatʲ/, /ɐtsʲɪkatʲ/, /kɐlotʲ/, /ɐtrʊbatʲ/, /skalɨvatʲ/"
chomp,/tʃɒmp/,###,шумно пережёвывать,"чавкать, хрупать, (громко) жевать, есть","/t͡ɕafkatʲ/, /xrʊpatʲ/, /ʐɨvatʲ/, /jɛstʲ/"
chop,/tʃɒp/,I,"разделять что-либо на куски топором, ножом или другим острым инструментом","рубить, нарезать, резать, крошить, отрезать, долбить, колотить, шинковать, сечь, раскалывать","/rʊbʲitʲ/, /nɐrʲɪzatʲ/, /rʲezatʲ/, /krɔʂɨtʲ/, /ɐtrʲezatʲ/, /dolbʲitʲ/, /kələtʲitʲ/, /ʂɨnkɐvatʲ/, /sʲetɕʲ/, /rɐskalɨvatʲ/"
chuck,/tʃʌk/,I,неаккуратно бросать,"бросать, швырять, кидать, выкидывать, выбрасывать","/brɐsatʲ/, /ʂvɨrʲatʲ/, /kʲidatʲ/, /vɨkʲidɨvatʲ/, /vɨbrɐsɨvatʲ/"
chunder,/ˈtʃʌn.dər/,IC,извергать ртом содержимое желудка,"блевать, (страдать) рвотой, тошнить","/blʲɪvatʲ/, /rˈvotəj/, /tɐʂnʲitʲ/"
clamber,/ˈklæm.bər/,IC,"подниматься, перелезать или влезать с трудом","карабкаться, цепляться, взбираться, виться, взгромождаться, пробиваться, лезть, перелезать","/kɐrapkatʲsʲə/, /t͡sʲɪplatʲsʲə/, /vzʲbʲiratʲsʲə/, /vʲitʲsʲə/, /vzgrɐmɐʐdatʲsʲə/, /prɐbʲivatʲsʲə/, /lʲestʲ/, /pʲɪrʲɪlʲɪzatʲ/"
clap,/klæp/,I,наносить легкие удары или хлопать по плечу или спине в дружеской манере,"хлопать, бить, шлёпать","/xlopatʲ/, /bʲitʲ/, /ʂlʲɵpatʲ/"
clash,/klæʃ/,IC,"биться, спорить","сталкиваться, стукаться, расходиться (взглядами), ссориться, ударяться, схлёстываться, конфликтовать, биться, скрещиваться","/stalkʲɪvatʲsʲə/, /stʊkatʲsʲə/, /rɐsxɐdʲitʲsʲə/, /sorʲitʲsʲə/, /ʊdarʲatʲsʲə/, /sxlʲɵstɨvatʲsʲə/, /kɐnflʲɪktɐvatʲ/, /bʲitʲsʲə/, /skrʲɪɕɪvatʲsʲə/"
climb,/klaɪm/,IC,с трудом достигать удаленного места или покидать его,"подниматься, карабкаться, влезать, взбираться, восходить, забираться, преодолевать, штурмовать",
clip,/klɪp/,I,отрезать что-либо ножницами или схожим острым инструментом,"стричь, обрезать, отрезать, отсекать, обрывать, подстригать, подрезать, отделять",
clobber,/ˈklɒb.ər/,I,наносить сильные многочисленные удары,"избивать, колошматить, громить, колотить, поражать, разносить, ударять, бить, мутузить, дубасить, накостылять, мочить",
clock,/klɒk/,I,бить кого-либо (особенно по голове или лицу),"ударять, бить, двигать (в лицо), давать (в лицо), заехать (в лицо), стукнуть, настучать, начистить, влеплять, вмазывать, тюкать",
close,/kləʊz/,IC,закрывать,"закрывать, прекращать, кончать, заканчивать, заключать, затворять, прикрывать, притворять, завершать, запирать, смыкать",
clout,/klaʊt/,IC,бить кого-либо рукой или тяжелым предметом,"(давать) затрещину, ударять, бить",
clump,/klʌmp/,IC,ходить шумно медленными шагами,"ступать, неуклюже (ходить), топать",
coast,/kəʊst/,IC,медленно двигаться на автомобиле обыкновенно вниз с горы,"спускаться, катиться, (ехать) накатом, лететь",
cock,/kɒk/,I,выставить конечность вверх в определенном направлении,"поднимать, заламывать, взводить, замахивать, вскидывать, задирать, загибать",
collapse,/kəˈlæps/,-,внезапно падать из-за недостатка сил или поддержки,"рушиться, обваливаться, сваливаться, падать, валиться, (испытывать) коллапс, (терпеть) крах, обессиливать, проваливаться, проламываться, (заканчиваться) провалом, терять (сознание), разваливаться, изнемогать",
collect,/kəˈlekt/,-,приносить что-либо куда-либо,"собирать, коллекционировать, отбирать, накапливать, забирать, взимать, подбирать, получать, набирать",
collide,/kəˈlaɪd/,-,сильно ударяться обо что-либо,"сталкиваться, стукаться, врезаться, наскакивать, впечатываться, ударяться, налетать, сшибаться",
come,/kʌm/,C,двигаться к говорящему или вместе с говорящим,"приходить, подходить, идти, прибывать, приезжать, доходить, достигать, равняться, приближаться, добираться, появляться, подступать, заходить, близиться",
commute,/kəˈmjuːt/,-,совершать регулярные поездки от дома до места работы,"ежедневно ездить (на работу), совершать регулярные поездки (на работу), добираться (на работу)",
concuss,/kənˈkʌs/,-,оглушать кого-либо,"оглушать, сотрясать, (вызывать) сотрясение, контузить",
conk,/kɒŋk/,IC,ударять кого-либо (обыкновенно тяжелым предметом по голове),"давать (по голове), стукать (по голове), ударять",
connect,/kəˈnekt/,-,соединять что-либо с чем-либо,"соединять, соединяться, связывать, связываться, сочетать, сочетаться, привязывать, привязываться, состыковывать, состыковываться, смыкать, смыкаться",
contort,/kənˈtɔːt/,-,заставлять что-либо изменить форму на более неестественную,,
convey,/kənˈveɪ/,-,брать или нести что-либо или кого-либо в конкретное место,"перевозить, переправлять, транспортировать, доставлять, доводить",
convoy,/ˈkɒn.vɔɪ/,-,передвигаться в сопровождении специального транспорта или группы людей в целях безопасности,"сопровождать, конвоировать, охранять, сопутствовать, этапировать",
convulse,/kənˈvʌls/,-,трястись или заставлять что-либо сильно трястись,"задрожать, (вызывать или испытывать) судороги, (вызывать или испытывать) конвульсии, взволновать, корчить, корчиться, трясти, трястись, дёргать, передёргиваться, крючить, крючиться",
course,/kɔːs/,F,течь быстро и в больших количествах,"бежать, течь, литься, нестись, быстро (двигаться)",
cower,/ˈkaʊ.ər/,F,опускать голову или все тело в страхе,"сжиматься, съёживаться, пригибаться, забиваться, трепетать, припадать",